<Project xmlns="http://schemas.microsoft.com/developer/msbuild/2003">
   <UsingTask AssemblyFile="dynaTrace.MSBuild.Task.dll" TaskName="StartSessionRecordingTask" />
   <UsingTask AssemblyFile="dynaTrace.MSBuild.Task.dll" TaskName="DTBuildTasks.StopSessionRecordingTask" />
   <UsingTask AssemblyFile="dynaTrace.MSBuild.Task.dll" TaskName="DTBuildTasks.SetActiveConfigurationTask" />
   <UsingTask AssemblyFile="dynaTrace.MSBuild.Task.dll" TaskName="DTBuildTasks.ServerServiceTask" />
   <UsingTask AssemblyFile="dynaTrace.MSBuild.Task.dll" TaskName="DTBuildTasks.ConfigureApplicationTask" />
   <UsingTask AssemblyFile="dynaTrace.MSBuild.Task.dll" TaskName="StartTestTask" />

  <PropertyGroup>
    <CustomProperties>
      <CustomProperty key="SVN Revision" value="532302"/>
    </CustomProperties>
  </PropertyGroup>
  
   <Target Name="StartRecording">
      <StartSessionRecordingTask SystemProfile="DotNetPayExtended" />
   </Target>

   <Target Name="StopRecording">
      <StopSessionRecordingTask SystemProfile="DotNetPayExtended" />
   </Target>

   <Target Name="RestartServer">
      <ServerServiceTask ServiceCommand="restart" ServerName="localhost" UserName="admin" Password="admin" />
   </Target>

   <Target Name="ShutdownServer">
      <ServerServiceTask ServiceCommand="shutdown" ServerName="localhost" UserName="admin" Password="admin" />
   </Target>

   <Target Name="StartupServer">
      <ServerServiceTask ServiceCommand="startup" ServerName="localhost" UserName="admin" Password="admin" />
   </Target>

   <Target Name="ConfigureApplication">
      <ConfigureApplicationTask Executable="vstesthost.exe" Active="true" AgentName="VSTesting" />
   </Target>
   
   <Target Name="StartTest">
     <StartTestTask VersionMajor="6" VersionMinor="1" VersionRevision="0" VersionMilestone="Final" VersionBuild="2037"
		Marker="Final Build" Category="performance" Platform="Some platform" SystemProfile="easyTravel" />
   </Target>
</Project>

