<Project xmlns="http://schemas.microsoft.com/developer/msbuild/2003">
   <UsingTask AssemblyFile="DTBuildTasks.dll" TaskName="DTBuildTasks.StartSessionRecordingTask" />
   <UsingTask AssemblyFile="DTBuildTasks.dll" TaskName="DTBuildTasks.StopSessionRecordingTask" />
   <UsingTask AssemblyFile="DTBuildTasks.dll" TaskName="DTBuildTasks.SetActiveConfigurationTask" />
   <UsingTask AssemblyFile="DTBuildTasks.dll" TaskName="DTBuildTasks.ServerServiceTask" />
   <UsingTask AssemblyFile="DTBuildTasks.dll" TaskName="DTBuildTasks.ConfigureApplicationTask" />
  
   <Target Name="StartRecording">
      <StartSessionRecordingTask SystemProfile="DotNetPayExtended" />
   </Target>

   <Target Name="StopRecording">
      <StopSessionRecordingTask SystemProfile="DotNetPayExtended" />
   </Target>

   <Target Name="RestartServer">
      <ServerServiceTask ServiceCommand="restart" ServerName="localhost" UserName="admin" Password="admin" />
   </Target>

   <Target Name="ShutdownServer">
      <ServerServiceTask ServiceCommand="shutdown" ServerName="localhost" UserName="admin" Password="admin" />
   </Target>

   <Target Name="StartupServer">
      <ServerServiceTask ServiceCommand="startup" ServerName="localhost" UserName="admin" Password="admin" />
   </Target>

   <Target Name="ConfigureApplication">
      <ConfigureApplicationTask Executable="vstesthost.exe" Active="true" AgentName="VSTesting" />
   </Target>
</Project>

