<Project xmlns="http://schemas.microsoft.com/developer/msbuild/2003">
   <UsingTask AssemblyFile="dynaTrace.MSBuild.Task.dll" TaskName="dynaTrace.MSBuild.Task.StartSessionRecordingTask" />
   <UsingTask AssemblyFile="dynaTrace.MSBuild.Task.dll" TaskName="dynaTrace.MSBuild.Task.StopSessionRecordingTask" />
   <UsingTask AssemblyFile="dynaTrace.MSBuild.Task.dll" TaskName="dynaTrace.MSBuild.Task.SetActiveConfigurationTask" />
   <UsingTask AssemblyFile="dynaTrace.MSBuild.Task.dll" TaskName="dynaTrace.MSBuild.Task.ServerServiceTask" />
   <UsingTask AssemblyFile="dynaTrace.MSBuild.Task.dll" TaskName="dynaTrace.MSBuild.Task.ConfigureApplicationTask" />
  
   <Target Name="StartRecording">
      <StartSessionRecordingTask SystemProfile="DotNetPayExtended" />
   </Target>

   <Target Name="StopRecording">
      <StopSessionRecordingTask SystemProfile="DotNetPayExtended" />
   </Target>

   <Target Name="RestartServer">
      <ServerServiceTask ServiceCommand="restart" ServerName="localhost" UserName="admin" Password="admin" />
   </Target>

   <Target Name="ShutdownServer">
      <ServerServiceTask ServiceCommand="shutdown" ServerName="localhost" UserName="admin" Password="admin" />
   </Target>

   <Target Name="StartupServer">
      <ServerServiceTask ServiceCommand="startup" ServerName="localhost" UserName="admin" Password="admin" />
   </Target>

   <Target Name="ConfigureApplication">
      <ConfigureApplicationTask Executable="vstesthost.exe" Active="true" AgentName="VSTesting" />
   </Target>
</Project>

